Summary,Issue Type,Epic Link,Epic Name,Phase,Milestone,Description
Inventory all remotes across the four clusters,Task,CCS Remote Connection-State Degradation Monitoring,CCS Remote Connection-State Degradation Monitoring,Phase 0,M0,"Enumerate every remote configured on each local cluster (dev/qa/prod/ccs) via GET /_remote/info. Record cluster -> remote -> num_nodes_connected, mode, initial_connect_timeout, skip_unavailable. Acceptance: reviewed inventory table covering all four clusters."
Define per-remote expected baseline (nodes + mode),Task,CCS Remote Connection-State Degradation Monitoring,CCS Remote Connection-State Degradation Monitoring,Phase 0,M0,"Agree expected num_nodes_connected and expected mode per remote; no uniformity assumed. Acceptance: es_clusters.json populated and signed off."
Define per-environment severity thresholds,Task,CCS Remote Connection-State Degradation Monitoring,CCS Remote Connection-State Degradation Monitoring,Phase 0,M0,"Decide Warning vs Critical per environment; missing remote and unreachable cluster = Critical. Acceptance: documented severity matrix per environment."
Confirm skip_unavailable posture per remote,Task,CCS Remote Connection-State Degradation Monitoring,CCS Remote Connection-State Degradation Monitoring,Phase 0,M0,"Record skip_unavailable per remote; annotate silent-degradation risk. Acceptance: captured per remote with risk notes."
Design ccs-health-monitor verdict schema,Task,CCS Remote Connection-State Degradation Monitoring,CCS Remote Connection-State Degradation Monitoring,Phase 0,M0,"Define verdict doc schema (timestamp, cluster, remote, connected, nodes expected/actual, mode, skip_unavailable, severity, reason). Acceptance: schema documented and reviewed."
Build connection-state probe in ccs_health_check.py,Story,CCS Remote Connection-State Degradation Monitoring,CCS Remote Connection-State Degradation Monitoring,Phase 1,M1,"Load inventory + credentials from file, call GET /_remote/info per cluster, evaluate vs baseline, classify severity, print to screen (no indexing). Acceptance: runs against all four clusters with correct verdicts and edge cases handled."
Credential loading from file (interim),Task,CCS Remote Connection-State Degradation Monitoring,CCS Remote Connection-State Degradation Monitoring,Phase 1,M1,"Read API keys from a git-ignored credentials file with committed example template; isolate auth behind one function. Acceptance: creds from file, no real secrets committed."
Refactor credential loading to AWS Secrets Manager,Task,CCS Remote Connection-State Degradation Monitoring,CCS Remote Connection-State Degradation Monitoring,Phase 1,M1,"Replace file loading with boto3 Secrets Manager retrieval behind the same interface. Acceptance: runtime Secrets Manager auth, no static key files in deploy path."
Provision least-privilege service account / API key,Task,CCS Remote Connection-State Degradation Monitoring,CCS Remote Connection-State Degradation Monitoring,Phase 1,M1,"Create key with cluster monitor privilege + write to ccs-health-monitor only. Acceptance: key scoped and validated in non-prod."
Error handling, timeouts, and TLS verification,Task,CCS Remote Connection-State Degradation Monitoring,CCS Remote Connection-State Degradation Monitoring,Phase 1,M1,"Add timeouts, per-cluster isolation, FedRAMP TLS cert verification (CA bundle), structured logging. Acceptance: induced failures produce Critical for affected cluster only."
Create ccs-health-monitor index with explicit mapping,Task,CCS Remote Connection-State Degradation Monitoring,CCS Remote Connection-State Degradation Monitoring,Phase 2,M2,"Create the visible (non dot-prefixed) state index with the Phase 0 mapping. Acceptance: verdict docs index cleanly."
Add ILM/DSL retention policy,Task,CCS Remote Connection-State Degradation Monitoring,CCS Remote Connection-State Degradation Monitoring,Phase 2,M2,"Apply retention per agreed period. Acceptance: old verdicts age out automatically."
Wire collector to write verdicts to state store,Task,CCS Remote Connection-State Degradation Monitoring,CCS Remote Connection-State Degradation Monitoring,Phase 2,M2,"Enable indexing path (one verdict doc per remote per cycle). Acceptance: verdicts land, queryable, one doc per remote per cycle."
Confirm read access to the state store for alerting role,Task,CCS Remote Connection-State Degradation Monitoring,CCS Remote Connection-State Degradation Monitoring,Phase 2,M2,"Ensure the Kibana alerting role reads ccs-health-monitor. The index is visible, so no allow_restricted_indices grant is needed. Acceptance: alerting role queries successfully."
Kibana ES Query rule - Critical tier (per remote),Story,CCS Remote Connection-State Degradation Monitoring,CCS Remote Connection-State Degradation Monitoring,Phase 3,M3,"Per-remote-grouped critical rule (connected false / missing remote / unreachable cluster). Acceptance: induced non-prod critical fires for failing remote."
Kibana ES Query rule - Warning tier (per remote),Task,CCS Remote Connection-State Degradation Monitoring,CCS Remote Connection-State Degradation Monitoring,Phase 3,M3,"Per-remote warning rule (partial pool / mode drift), distinct from critical. Acceptance: partial pool fires warning not critical."
SMTP connector + templated messages naming failing remote,Task,CCS Remote Connection-State Degradation Monitoring,CCS Remote Connection-State Degradation Monitoring,Phase 3,M3,"Reuse Kibana SMTP connector; template messages to name failing remote+cluster. Acceptance: email identifies exact remote and severity."
Recovery action group (auto-resolve),Task,CCS Remote Connection-State Degradation Monitoring,CCS Remote Connection-State Degradation Monitoring,Phase 3,M3,"Configure recovery notifications so alerts auto-resolve when state clears. Acceptance: clearing triggers recovery notification."
Staleness rule - detect dead collector,Task,CCS Remote Connection-State Degradation Monitoring,CCS Remote Connection-State Degradation Monitoring,Phase 3,M3,"Alert when no verdict docs land in a defined window. Acceptance: stopping collector fires staleness alert within window."
Schedule collector via cron,Task,CCS Remote Connection-State Degradation Monitoring,CCS Remote Connection-State Degradation Monitoring,Phase 4,M4,"Schedule at chosen interval; alert window wider than interval to absorb jitter. Acceptance: unattended scheduled runs, no false flaps."
Log rotation + per-tier runbook,Task,CCS Remote Connection-State Degradation Monitoring,CCS Remote Connection-State Degradation Monitoring,Phase 4,M4,"Add logrotate config and per-severity runbooks. Acceptance: logs rotate; runbook linked from alerts."
Sustained-operation validation,Task,CCS Remote Connection-State Degradation Monitoring,CCS Remote Connection-State Degradation Monitoring,Phase 4,M4,"Run in non-prod sustained; confirm no false flaps and correct recovery. Acceptance: clean sustained run, sign-off for prod."
